,Household No.,HHLD Visit,Meal,Dish List
0,10006,First WD,Breakfast,"['Fried Egg', nan, 'Fried Processed Meat', nan, 'Boiled Rice']"
1,10006,Second WD,Breakfast,"['Fried Fish', nan, 'Boiled Rice', 'Water']"
2,10006,Third WE,Breakfast,"['Boiled Chicken', nan, nan, 'Boiled Rice', 'Water']"
3,10007,First WD,Breakfast,"['Boiled Rice', 'Boiled Chicken', nan, nan, nan, 'Water']"
4,10007,Second WD,Breakfast,"['Boiled Rice', 'Beef', nan, nan, 'Water']"
5,10007,Third WE,Breakfast,"['Boiled Rice', 'Fried Egg', nan, 'Fried Vegetable', nan, 'Water']"
6,10101,Weekday First,Breakfast,"['Boiled Rice', 'Fried Egg', nan, 'Water']"
7,10101,Weekday Second,Breakfast,"['Boiled Rice', 'Boiled Fish', nan, 'Water']"
8,10101,Weekend,Breakfast,"['Boiled Rice', 'Boiled Vegetable', nan, 'Water']"
9,10105,First WD,Breakfast,"['Boiled Rice', 'Fried Beef', 'Fried Egg', nan]"
10,10105,Second WD,Breakfast,"['Boiled Rice', 'Fried Beef', 'Fried Egg', nan]"
11,10105,Third WE,Breakfast,"['Boiled Rice', 'Fried Egg', nan]"
12,10107,First WD,Breakfast,"['Boiled Rice', 'Boiled Vegetable', nan, nan, 'Water']"
13,10107,Second WD,Breakfast,"['Boiled Rice', 'Sauteed Beef', nan, nan, 'Water']"
14,10107,Third WE,Breakfast,"['Boiled Rice', nan, 'Water']"
15,10111,First WD,Breakfast,"['Boiled Rice', 'Fried Processed Meat', nan]"
16,10111,Second WD,Breakfast,"['Boiled Rice', 'Fried Egg', nan]"
17,10111,Third WE,Breakfast,"['Boiled Rice', 'Fried Egg', nan]"
18,11001,First WD,Breakfast,"['Fried Fish', 'Processed Meat', nan, 'Boiled Rice']"
19,11001,Second WD,Breakfast,"['Fried Processed Meat', nan, 'Boiled Rice', 'Water']"
20,11001,Third WE,Breakfast,"['Fried Processed Meat', nan, 'Boiled Rice']"
21,11002,First WD,Breakfast,"['Boiled Rice', 'Fish', 'Water']"
22,11002,Second WD,Breakfast,"['Boiled Rice', 'Fried Egg', nan, 'Water']"
23,11002,Third WE,Breakfast,"['Boiled Rice', 'Fried Egg', nan, 'Water']"
24,11005,First WD,Breakfast,"['Canned Processed Meat', nan, 'Fried Egg', nan]"
25,11005,Second WD,Breakfast,"['Boiled Rice', 'Fried Egg', nan]"
26,11005,Third WE,Breakfast,"['Boiled Rice', 'Boiled Egg', 'Boiled Noodles', nan, nan]"
27,11012,Weekday First,Breakfast,"['Boiled Rice', 'Boiled Pork', nan, nan, nan, 'Water']"
28,11012,Weekday Second,Breakfast,"['Boiled Rice', 'Fried Chicken', nan, 'Water']"
29,11012,Weekend,Breakfast,"['Boiled Rice', 'Fried Egg', nan, 'Water']"
30,11101,First WD,Breakfast,"['Fried Egg', nan, 'Boiled Rice']"
31,11101,Second WD,Breakfast,"['Fried Egg', nan, 'Boiled Rice', 'Water']"
32,11101,Third WE,Breakfast,"['Fried Egg', nan, 'Boiled Rice']"
33,11102,First WD,Breakfast,"['Boiled Rice', 'Fried Fish', nan, 'Water']"
34,11102,Second WD,Breakfast,"['Boiled Rice', 'Fried Egg', nan, 'Water']"
35,11102,Third WE,Breakfast,"['Boiled Rice', 'Sauteed Vegetable', nan, nan, nan, 'Water']"
36,11104,First WD,Breakfast,"['Boiled Rice', 'Fried Egg', nan, 'Milk', nan]"
37,11104,Second WD,Breakfast,"['Boiled Rice', 'Processed Meat', nan, 'Milk', nan]"
38,11104,Third WE,Breakfast,"['Boiled Rice', 'Fried Egg', nan]"
39,11110,First WD,Breakfast,['Sweets']
40,11110,Second WD,Breakfast,"['Boiled Rice', 'Sauteed Vegetable', nan, nan]"
41,11110,Third WE,Breakfast,"['Sweets', nan, 'Fried Processed Meat', nan, 'Fried Egg', nan, 'Boiled Rice']"
42,11112,First WD,Breakfast,"['Boiled Rice', 'Fried Beef', nan, 'Water']"
43,11112,Second WD,Breakfast,"['Boiled Rice', 'Fried Egg', nan, 'Water']"
44,11112,Third WE,Breakfast,"['Coffee', 'Boiled Rice', 'Fried Beef', nan, 'Water']"
45,20004,First WD,Breakfast,"['Boiled Rice', 'Sauteed Noodles', nan, 'Sweets']"
46,20004,Second WD,Breakfast,"['Boiled Rice', 'Boiled Fish', 'Sweets']"
47,20004,Third WE,Breakfast,"['Boiled Seafood', 'Boiled Rice']"
48,20007,First WD,Breakfast,"['Fried Egg', nan, 'Boiled Rice', 'Water']"
49,20007,Second WD,Breakfast,"['Fried Egg', nan, 'Water', 'Boiled Rice']"
50,20007,Third WE,Breakfast,"['Fried Egg', nan, 'Boiled Rice', 'Water']"
51,20008,First WD,Breakfast,"['Boiled Rice', 'Fried Egg', nan, 'Raw Fruit']"
52,20008,Second WD,Breakfast,"['Boiled Rice', 'Fried Egg', nan]"
53,20008,Third WE,Breakfast,"['Boiled Rice', 'Fried Chicken', nan]"
54,20106,First WD,Breakfast,"['Boiled Rice', 'Boiled Noodles', nan, 'Water']"
55,20106,Second WD,Breakfast,"['Boiled Rice', 'Sauteed Vegetable', nan, nan, 'Water']"
56,20106,Third WE,Breakfast,"['Boiled Vegetable', 'Boiled Rice', 'Water']"
57,20110,First WD,Breakfast,"['Boiled Rice', 'Fried Egg', nan]"
58,20110,Second WD,Breakfast,"['Boiled Rice', 'Sauteed Noodles', nan, nan, nan, nan]"
59,20110,Third WE,Breakfast,"['Boiled Rice', 'Boiled Vegetable', nan, nan, 'Fried Fish', nan, 'Water']"
60,21006,First WD,Breakfast,"['Boiled Rice', 'Fried Fish', nan]"
61,21006,Second WD,Breakfast,"['Boiled Rice', 'Fried Egg', nan]"
62,21006,Third WE,Breakfast,"['Boiled Rice', 'Roasted Pork']"
63,21010,Third WE,Breakfast,"['Fried Processed Meat', nan, 'Fried Egg', nan, 'Boiled Rice', 'Water']"
64,21105,First WD,Breakfast,"['Boiled Rice', 'Sauteed Vegetable', nan, nan]"
65,21105,Second WD,Breakfast,"['Boiled Rice', 'Fried Vegetable', nan, nan]"
66,21105,Third WE,Breakfast,"['Boiled Rice', 'Boiled Vegetable', nan, nan, nan, nan]"
67,21108,First WD,Breakfast,"['Boiled Rice', 'Fried Fish', nan, 'Water']"
68,21108,Second WD,Breakfast,"['Boiled Rice', 'Fried Egg', nan, 'Water']"
69,21108,Third WE,Breakfast,"['Boiled Vegetable', nan, nan, nan, 'Water']"
70,21111,First WD,Breakfast,"['Boiled Rice', 'Fried Egg', nan, 'Milk', nan]"
71,21111,Second WD,Breakfast,"['Boiled Rice', 'Fried Processed Meat', nan, 'Milk', nan]"
72,21111,Third WE,Breakfast,"['Boiled Rice', 'Sauteed Vegetable', nan, nan, nan, 'Fried Egg', nan]"
73,30005,First WD,Breakfast,"['Boiled Rice', 'Fried Egg', nan, 'Fried Processed Meat', nan, 'Water']"
74,30005,Second WD,Breakfast,"['Boiled Rice', 'Water', 'Fried Processed Meat', nan, 'Fried Egg', nan, 'Processed Sweets', 'Juice', 'Boiled Rice', 'Fried Processed Meat', nan, 'Sauteed Noodles', nan, nan, 'Water', 'Milk', nan, 'Biscuit', 'Boiled Rice', 'Boiled Vegetable', 'Boiled Vegetable', nan, nan, 'Water']"
75,30005,Third WE,Breakfast,"['Boiled Rice', 'Boiled Egg', 'Fried Fish', nan, 'Water']"
76,30006,First WD,Breakfast,"['Boiled Rice', 'Fried Egg', nan, 'Milk', nan]"
77,30007,First WD,Breakfast,"['Boiled Rice', 'Fried Fish']"
78,30007,Second WD,Breakfast,"['Boiled Rice', 'Fried Processed Meat', nan, 'Baked Bread']"
79,30007,Third WE,Breakfast,"['Boiled Rice', 'Fried Processed Meat', nan]"
80,30012,First WD,Breakfast,"['Boiled Pork', nan, 'Boiled Rice']"
81,30012,Second WD,Breakfast,"['Boiled Fish', nan, 'Boiled Rice']"
82,30012,Third WE,Breakfast,"['Boiled Rice', 'Fried Fish', nan]"
83,30013,First WD,Breakfast,"[nan, 'Boiled Rice']"
84,30013,Second WD,Breakfast,"['Boiled Rice', 'Fried Fish', nan, 'Milk', 'Water']"
85,30013,Third WE,Breakfast,"['Boiled Rice', 'Boiled Vegetable', nan, nan, nan]"
86,30014,First WD,Breakfast,"['Boiled Rice', 'Sauteed Noodles', nan, nan, nan, nan, nan, nan, 'Milk', nan]"
87,30014,Second WD,Breakfast,"['Boiled Rice', 'Fried Egg', nan, 'Water']"
88,30014,Third WE,Breakfast,"['Boiled Rice', 'Boiled Pork', nan, nan, 'Milk', nan]"
89,30018,First WD,Breakfast,"['Boiled Rice', 'Fried Egg', nan, 'Boiled Vegetable', nan]"
90,30018,Second WD,Breakfast,"['Boiled Rice', 'Boiled Vegetable', nan, nan, nan]"
91,30018,Third WE,Breakfast,"[nan, 'Boiled Rice', 'Water']"
92,30021,First WD,Breakfast,"['Boiled Rice', 'Fried Processed Meat', nan]"
93,30021,Second WD,Breakfast,"['Boiled Rice', 'Fried Processed Meat', nan]"
94,30021,Third WE,Breakfast,"['Boiled Chicken/Beef/Pork', 'Boiled Rice', 'Milk', 'Baked Bread']"
95,30022,First WD,Breakfast,"['Boiled Noodles', nan]"
96,30022,Second WD,Breakfast,"['Boiled Rice', 'Boiled Vegetable']"
97,30022,Third WE,Breakfast,"['Boiled Rice', 'Fermented Fish']"
98,30025,First WD,Breakfast,"['Boiled Rice', 'Boiled Egg']"
99,30025,Second WD,Breakfast,"['Boiled Rice', 'Fried Processed Meat', nan]"
100,30025,Third WE,Breakfast,"['Boiled Rice', 'Boiled Vegetable', nan, nan]"
101,30026,First WD,Breakfast,"['Boiled Rice', 'Boiled Vegetable', nan, nan, 'Milk']"
102,30026,Second WD,Breakfast,"['Boiled Rice', 'Fried Processed Meat', nan]"
103,30026,Third WE,Breakfast,"['Boiled Rice', 'Sauteed Vegetable', nan, nan, nan]"
104,30028,First WD,Breakfast,"['Boiled Rice', 'Fried Egg', nan, 'Water']"
105,30028,Second WD,Breakfast,"['Boiled Rice', 'Fried Egg', nan, 'Water']"
106,30028,Third WE,Breakfast,"['Boiled Rice', 'Fried Vegetable', nan, nan, 'Water']"
107,30030,First WD,Breakfast,"['Boiled Rice', 'Fried Egg', nan, 'Milk', nan]"
108,30030,Second WD,Breakfast,"['Boiled Rice', 'Fried Egg', nan, 'Milk', nan]"
109,30030,Third WE,Breakfast,"['Boiled Rice', 'Fried Egg', nan, 'Water']"
110,30035,First WD,Breakfast,"['Fried Egg', nan, nan, 'Boiled Rice', 'Water']"
111,30035,Second WD,Breakfast,"['Fried Egg', nan, 'Boiled Rice']"
112,30035,Third WE,Breakfast,"['Fried Egg', nan, nan, 'Boiled Rice', 'Water']"
113,30103,First WD,Breakfast,"['Boiled Rice', 'Fried Processed Meat', nan, 'Boiled Noodles', nan]"
114,30103,Second WD,Breakfast,"['Boiled Rice', 'Sauteed Pork', nan, nan, nan]"
115,30103,Third WE,Breakfast,"['Boiled Rice', 'Boiled Vegetable', nan, nan]"
116,30109,First WD,Breakfast,"['Boiled Rice', 'Milk', 'Water', 'Baked Bread']"
117,30109,Second WD,Breakfast,"['Boiled Rice', 'Fried Fish', nan, 'Water']"
118,30109,Third WE,Breakfast,"['Boiled Rice', 'Milk', 'Water']"
119,30110,First WD,Breakfast,"['Boiled Rice', 'Sauteed Noodles', nan, nan, 'Water']"
120,30110,Second WD,Breakfast,"[nan, 'Boiled Rice', 'Water']"
121,30110,Third WE,Breakfast,"['Fried Egg', nan, 'Boiled Rice', 'Water']"
122,30114,First WD,Breakfast,"['Boiled Rice', 'Fried Fish', nan, 'Water']"
123,30114,Second WD,Breakfast,"['Boiled Rice', 'Fried Fish', nan, 'Water']"
124,30114,Third WE,Breakfast,"['Boiled Rice', 'Boiled Others', nan, nan, 'Water']"
125,30116,Weekday First,Breakfast,"['Boiled Rice', 'Dried Fish', nan]"
126,30116,Weekday Second,Breakfast,"['Boiled Rice', 'Dried Fish', nan]"
127,30116,Weekened,Breakfast,"['Boiled Rice', 'Boiled Vegetable']"
128,30118,First WD,Breakfast,"['Boiled Rice', 'Fried Egg', nan, 'Water']"
129,30118,Second WD,Breakfast,"['Boiled Rice', 'Boiled Vegetable', nan, nan, 'Water']"
130,30118,Third WE,Breakfast,"['Boiled Rice', 'Boiled Vegetable', nan, nan, nan, 'Water']"
131,30119,First WD,Breakfast,"['Boiled Rice', 'Fried Egg']"
132,30119,Second WD,Breakfast,"['Boiled Rice', 'Boiled Noodles']"
133,30119,Third WE,Breakfast,"['Boiled Rice', 'Fried Egg', 'Milk']"
134,30122,First WD,Breakfast,"['Boiled Rice', 'Boiled Vegetable', nan, 'Coffee', nan, 'Baked Bread', 'Water']"
135,30122,Second WD,Breakfast,"['Coffee', nan, 'Fried Fish', nan, 'Boiled Rice']"
136,30122,Third WE,Breakfast,"['Fried Sweets', 'Grilled Chicken/Beef/Pork', 'Boiled Rice', 'Water']"
137,30123,First WD,Breakfast,"['Boiled Rice', nan, nan]"
138,30123,Second WD,Breakfast,"['Boiled Rice', 'Fried Processed Meat', nan]"
139,30123,Third WE,Breakfast,"['Boiled Rice', 'Fried Fish', nan]"
140,30124,First WD,Breakfast,"['Boiled Rice', nan, nan]"
141,30124,Second WD,Breakfast,"['Boiled Vegetable', nan, nan, nan, 'Boiled Rice']"
142,30124,Third WE,Breakfast,"['Boiled Rice', 'Boiled Vegetable', nan, nan, nan]"
143,30126,First WD,Breakfast,"['Boiled Rice', nan, nan]"
144,30126,Second WD,Breakfast,"['Boiled Rice', 'Fried Fish', nan]"
145,30126,Third WE,Breakfast,"['Boiled Rice', 'Dried Fish', nan]"
146,30127,First WD,Breakfast,"['Boiled Rice', 'Boiled Fish', nan, 'Water']"
147,30127,Second WD,Breakfast,"['Boiled Rice', 'Boiled Vegetable', nan, nan, 'Water']"
148,30127,Third WE,Breakfast,"['Boiled Rice', 'Fried Chicken', nan, 'Water']"
149,30128,First WD,Breakfast,"['Boiled Rice', 'Boiled Egg', 'Water']"
150,30128,Second WD,Breakfast,"['Boiled Rice', 'Fried Egg', nan, 'Water']"
151,30128,Third WE,Breakfast,"['Boiled Rice', 'Fried Vegetable', nan, nan, 'Water']"
152,30129,First WD,Breakfast,"['Boiled Rice', 'Fried Egg', nan, 'Water']"
153,30129,Second WD,Breakfast,"['Boiled Rice', 'Sauteed Vegetable', nan, nan, 'Water']"
154,30129,Third WE,Breakfast,"['Boiled Rice', 'Fried Vegetable', nan, 'Water']"
155,30134,First WD,Breakfast,"['Canned Processed Meat', nan, nan, 'Boiled Rice', 'Water']"
156,30134,Second WD,Breakfast,"['Boiled Rice', 'Boiled Noodles', nan, 'Water']"
157,30134,Third WE,Breakfast,"['Boiled Rice', 'Boiled Vegetable', nan, nan, nan, 'Water']"
158,40003,First WD,Breakfast,"['Boiled Rice', 'Boiled Egg', 'Water']"
159,40003,Second WD,Breakfast,"['Boiled Rice', 'Boiled Egg', 'Water']"
160,40003,Third WE,Breakfast,"['Boiled Rice', 'Fried Chicken/Pork', nan, 'Water']"
161,40007,First WD,Breakfast,"['Boiled Rice', 'Milk', nan, 'Fried Processed Meat', nan]"
162,40007,Second WD,Breakfast,"['Boiled Rice', 'Boiled Egg', 'Fried Fish', 'Milk', nan]"
163,40102,First WD,Breakfast,"['Milk', nan, nan, 'Water']"
164,40102,Second WD,Breakfast,"['Boiled Rice', 'Fried Egg', nan, 'Water']"
165,40102,Third WE,Breakfast,"['Boiled Rice', 'Boiled Vegetable', nan, nan, 'Water']"
166,40108,Third WE,Breakfast,"['Boiled Rice', 'Fried Egg', nan, 'Processed Meat', nan, 'Fried Processed Meat', nan]"
167,40111,First WD,Breakfast,"['Boiled Rice', nan, nan, nan, nan]"
168,40111,Second WD,Breakfast,"['Boiled Rice', 'Boiled Noodles']"
169,40111,Third WE,Breakfast,"[nan, 'Fried Egg', 'Boiled Rice']"
170,41005,First WD,Breakfast,"['Boiled Rice', 'Sauteed Vegetable', nan, nan, 'Milk', nan, 'Water']"
171,41005,Second WD,Breakfast,"['Boiled Rice', 'Boiled Vegetable', nan, nan, nan, 'Water']"
172,41005,Third WE,Breakfast,"['Boiled Rice', 'Boiled Vegetable', nan, nan, nan, nan, nan, 'Water', 'Milk', nan]"
173,41008,First WD,Breakfast,"['Boiled Rice', 'Fried Chicken', nan, 'Water', 'Milk', nan]"
174,41008,Second WD,Breakfast,"['Boiled Rice', 'Fried Processed Meat', nan, 'Milk', nan]"
175,41008,Third WE,Breakfast,"['Milk', nan, 'Boiled Rice', 'Boiled Fish', nan]"
176,50103,First WD,Breakfast,"['Boiled Rice', 'Boiled Fish', nan, 'Water']"
177,50103,Second WD,Breakfast,"['Boiled Rice', 'Fried Fish', nan, 'Water']"
178,50103,Third WE,Breakfast,"['Boiled Rice', 'Stir-fried Vegetable', nan, nan, 'Water']"
179,50108,First WD,Breakfast,"['Boiled Rice', 'Fried Egg', nan]"
180,50108,Second WD,Breakfast,"['Fried Egg', 'Fried Processed Meat', nan, 'Boiled Rice', 'Water']"
181,50108,Third WE,Breakfast,"['Fried Processed Meat', nan, 'Boiled Rice']"
182,51007,First WD,Breakfast,"['Boiled Rice', 'Fried Egg', nan]"
183,51007,Second WD,Breakfast,"['Boiled Rice', 'Fried Processed Meat', nan, 'Fried Egg']"
184,51007,Third WE,Breakfast,"['Boiled Rice', 'Fried Processed Meat', nan, 'Milk', 'Biscuit']"
185,51101,Weekday First,Breakfast,"['Boiled Rice', 'Sauteed Vegetable', nan, 'Water']"
186,51101,Weekday Second,Breakfast,"['Boiled Rice', 'Fried Egg', nan, 'Water']"
187,51101,Weekened,Breakfast,"['Boiled Rice', 'Fried Egg', nan, 'Water', 'Biscuit', 'Water']"
188,51103,First WD,Breakfast,"['Boiled Rice', 'Boiled Noodles']"
189,51103,Second WD,Breakfast,"['Boiled Rice', 'Boiled Vegetable', nan, nan]"
190,51103,Third WE,Breakfast,"['Boiled Rice', 'Fried Egg', nan]"
191,51107,First WD,Breakfast,"['Boiled Rice', 'Fried Fish', nan]"
192,51107,Second WD,Breakfast,"['Boiled Rice', 'Fried Processed Meat', nan, 'Sweets']"
193,51107,Third WE,Breakfast,"['Boiled Rice', 'Fried Egg', nan]"
194,60001,First WD,Breakfast,"['Fried Egg', nan, 'Boiled Rice', 'Sweets', nan, 'Biscuit']"
195,60001,Second WD,Breakfast,"['Fried Egg', nan, 'Boiled Rice', 'Water']"
196,60001,Third WE,Breakfast,"['Sweets', nan, 'Biscuit', 'Boiled Rice', 'Sauteed Noodles', nan, nan, nan, nan, 'Water']"
197,60003,First WD,Breakfast,"['Boiled Rice', 'Fried Egg', nan, 'Water']"
198,60003,Second WD,Breakfast,"['Boiled Rice', 'Boiled Vegetable', nan, nan]"
199,60003,Third WE,Breakfast,"['Boiled Rice', 'Boiled Fish', nan]"
200,60009,First WD,Breakfast,"['Coffee', nan, 'Boiled Rice', 'Boiled Egg']"
201,60009,Second WD,Breakfast,"['Boiled Rice', 'Fried Egg', nan, 'Water']"
202,60009,Third WE,Breakfast,"['Coffee', nan, 'Fried Egg', nan, 'Boiled Rice', 'Water']"
203,60010,First WD,Breakfast,"['Boiled Rice', 'Boiled Fish', nan, 'Raw Fruit', 'Water']"
204,60010,Second WD,Breakfast,"['Boiled Rice', 'Fried Fish', nan, 'Water']"
205,60010,Third WE,Breakfast,"['Boiled Rice', 'Boiled Others', 'Water']"
206,60012,First WD,Breakfast,"['Boiled Rice', 'Boiled Vegetable', nan, nan, 'Water']"
207,60012,Second WD,Breakfast,"['Boiled Rice', 'Boiled Vegetable', 'Water']"
208,60012,Third WE,Breakfast,"['Boiled Rice', 'Fried Egg', nan, 'Water']"
209,60101,First WD,Breakfast,"['Boiled Rice', 'Boiled Fish']"
210,60101,Second WD,Breakfast,"['Boiled Rice', 'Fried Processed Meat', nan, 'Fried Egg']"
211,60101,Third WE,Breakfast,"['Boiled Rice', 'Boiled Noodles']"
212,60105,First WD,Breakfast,"['Boiled Rice', 'Boiled Noodles', nan, nan, nan, 'Fried Fish', nan, 'Water']"
213,60105,Second WD,Breakfast,"['Boiled Rice', 'Boiled Noodles', nan, 'Water']"
214,60105,Third WE,Breakfast,"['Boiled Rice', 'Fried Egg', nan, 'Water']"
215,60112,First WD,Breakfast,"['Boiled Rice', 'Boiled Vegetable', nan, nan]"
216,60112,Second WD,Breakfast,"['Boiled Rice', 'Boiled Vegetable', nan, nan]"
217,60112,Third WE,Breakfast,"['Boiled Rice', 'Boiled Vegetable', nan, nan, 'Fresh Fruit']"
218,61002,First WD,Breakfast,"['Boiled Rice', 'Boiled Fish', nan, 'Water']"
219,61002,Second WD,Breakfast,"['Boiled Rice', 'Sauteed Noodles', nan, 'Water']"
220,61005,First WD,Breakfast,"['Boiled Egg', 'Boiled Rice']"
221,61005,Second WD,Breakfast,"['Boiled Egg', 'Boiled Rice']"
222,61005,Third WE,Breakfast,"['Boiled Rice', 'Fried Egg', nan]"
223,61109,First WD,Breakfast,"['Boiled Rice', 'Fried Processed Meat', nan]"
224,61109,Second WD,Breakfast,"['Boiled Rice', 'Fried Egg', nan]"
225,70003,First WD,Breakfast,"['Boiled Rice', 'Fried Egg', nan, 'Sweets', 'Water']"
226,70003,Second WD,Breakfast,"['Boiled Rice', 'Fried Egg', 'Fried Fish', nan]"
227,70003,Third WE,Breakfast,"['Fried Egg', nan, 'Boiled Rice', 'Sweets', 'Water']"
228,70004,First WD,Breakfast,"['Fried Beef', nan, 'Boiled Rice', 'Water']"
229,70004,Second WD,Breakfast,"['Boiled Rice', 'Fried Egg', nan, 'Water']"
230,70004,Third WE,Breakfast,"['Boiled Rice', 'Stir-fried Leafy Vegetable', nan, nan, nan, 'Water']"
231,70006,First WD,Breakfast,"['Fruit', 'Milk', 'Water']"
232,70006,Second WD,Breakfast,"['Boiled Rice', 'Fried Egg', nan, 'Water']"
233,70006,Third WE,Breakfast,"['Boiled Rice', 'Fried Egg', nan, 'Water']"
234,70102,First WD,Breakfast,"['Boiled Rice', 'Water', 'Fried Egg', nan]"
235,70102,Second WD,Breakfast,"['Water', 'Boiled Rice', 'Fried Processed Meat', nan, 'Baked Sweets']"
236,70102,Third WE,Breakfast,"['Boiled Rice', 'Fried Processed Meat', 'Water']"
237,70109,First WD,Breakfast,"['Fried Vegetable', nan, nan, 'Boiled Rice', 'Water']"
238,70109,Second WD,Breakfast,"['Fried Beef', nan, 'Fried Egg', 'Boiled Rice']"
239,70109,Third WE,Breakfast,"['Boiled Noodles', 'Fried Vegetable', nan, nan, 'Boiled Rice']"
240,71002,First WD,Breakfast,"['Boiled Rice', 'Canned Processed Meat', nan, 'Water', 'Milk']"
241,71002,Second WD,Breakfast,"['Boiled Rice', 'Sauteed Vegetable', nan, 'Water']"
242,71101,First WD,Breakfast,"['Boiled Rice', 'Boiled Vegetable', nan, nan, nan]"
243,71101,Second WD,Breakfast,"['Boiled Rice', 'Milk', 'Boiled Vegetable', nan, nan, nan, nan]"
244,71101,Third WE,Breakfast,"['Boiled Rice', 'Fried Egg', nan]"
245,71102,First WD,Breakfast,"['Boiled Rice', 'Boiled Fish', 'Water']"
246,71102,Second WD,Breakfast,"['Boiled Rice', 'Condiment', 'Water']"
247,71102,Third WE,Breakfast,"['Boiled Rice', 'Condiment', 'Water']"
248,71105,First WD,Breakfast,"['Boiled Rice', 'Sweets']"
249,71105,Second WD,Breakfast,"['Boiled Rice', 'Fried Processed Meat', nan, 'Milk']"
250,71105,Third WE,Breakfast,"['Boiled Rice', 'Sweets']"
251,80003,First WD,Breakfast,"['Boiled Rice', 'Fried Egg', nan, 'Water', 'Milk', nan]"
252,80003,Second WD,Breakfast,"['Fried Egg', nan, 'Boiled Rice', 'Water']"
253,80003,Third WE,Breakfast,"['Milk', nan, 'Biscuit', 'Boiled Rice', 'Fried Egg', nan]"
254,80005,First WD,Breakfast,"['Boiled Rice', 'Fried Vegetable', nan, nan]"
255,80005,Second WD,Breakfast,"['Boiled Rice', 'Fried Pork', nan]"
256,80005,Third WE,Breakfast,"['Boiled Rice', 'Fried Egg']"
257,80009,First WD,Breakfast,"['Boiled Rice', 'Fried Egg', nan, 'Milk', 'Water']"
258,80009,Second WD,Breakfast,"['Boiled Rice', 'Fried Processed Meat', 'Condiment', 'Baked Bread', 'Water', 'Milk']"
259,80009,Third WE,Breakfast,"['Boiled Rice', 'Fried Fish', nan, 'Water']"
260,80102,First WD,Breakfast,"['Boiled Rice', 'Sauteed Vegetable', nan, nan, nan, nan, nan]"
261,80102,Second WD,Breakfast,"['Boiled Rice', 'Sauteed Vegetable', nan, nan]"
262,80102,Third WE,Breakfast,"['Boiled Rice', 'Sauteed Vegetable', nan, nan, nan, nan, 'Fruit', 'Milk']"
263,80106,First WD,Breakfast,"['Boiled Rice', 'Boiled Vegetable']"
264,80106,Second WD,Breakfast,"['Boiled Rice', 'Boiled Vegetable', nan, nan, nan, 'Fried Fish', nan]"
265,80106,Third WE,Breakfast,"['Boiled Rice', 'Boiled Vegetable', nan, nan, nan]"
266,80111,First WD,Breakfast,"['Boiled Rice', 'Fried Egg', nan, nan]"
267,80111,Second WD,Breakfast,"['Boiled Rice', 'Fried Egg', nan]"
268,80111,Third WE,Breakfast,"['Boiled Rice', 'Fried Egg', nan]"
269,80112,First WD,Breakfast,"['Boiled Rice', 'Fried Egg', nan, 'Water']"
270,80112,Second WD,Breakfast,"['Boiled Rice', 'Fried Vegetable', nan, nan, 'Water']"
271,80112,Third WE,Breakfast,"['Boiled Rice', nan, nan, 'Water']"
272,81001,First WD,Breakfast,"['Boiled Rice', 'Fried Egg', nan, 'Water']"
273,81001,Second WD,Breakfast,"['Boiled Rice', 'Boiled Chicken', nan, nan, nan, 'Water']"
274,81001,Third WE,Breakfast,"['Boiled Rice', 'Fried Processed Meat', nan, 'Water']"
275,81004,First WD,Breakfast,"['Boiled Rice', 'Fried Fish', nan, 'Water']"
276,81004,Second WD,Breakfast,"['Boiled Rice', 'Boiled Fish', 'Water']"
277,81004,Third WE,Breakfast,"['Boiled Rice', 'Fried Fish', 'Water', nan]"
278,81005,First WD,Breakfast,"['Boiled Rice', 'Stir-fried Vegetable', nan, nan]"
279,81005,Second WD,Breakfast,"['Boiled Rice', 'Boiled Egg']"
280,81005,Third WE,Breakfast,"['Milk', 'Water', 'Boiled Rice', 'Boiled Vegetable', nan, nan]"
281,81102,First WD,Breakfast,"['Boiled Rice', 'Fried Beef', nan, 'Water']"
282,81102,Second WD,Breakfast,"['Boiled Rice', 'Fried Egg', nan]"
283,81102,Third WE,Breakfast,"['Fried Processed Meat', nan, 'Boiled Rice', 'Water']"
284,81105,First WD,Breakfast,"['Boiled Rice', 'Fried Egg', nan]"
285,81105,Second WD,Breakfast,"['Boiled Chicken', 'Boiled Rice']"
286,81105,Third WE,Breakfast,[nan]
287,90007,First WD,Breakfast,"['Boiled Rice', 'Sauteed Vegetable', nan, nan, 'Fried Processed Meat', nan]"
288,90007,Second WD,Breakfast,"['Boiled Rice', 'Sauteed Vegetable', 'Fried Beef', nan, nan, 'Water']"
289,90007,Third WE,Breakfast,"['Boiled Rice', 'Fried Egg', nan, 'Milk', nan]"
290,90008,First WD,Breakfast,"['Boiled Rice', 'Boiled Vegetable', nan, 'Water']"
291,90008,Second WD,Breakfast,"['Boiled Rice', 'Fried Vegetable', nan, 'Water']"
292,90008,Third WE,Breakfast,"['Boiled Rice', 'Fried Fish', nan, 'Water']"
293,90010,First WD,Breakfast,"['Boiled Rice', 'Fried Pork', nan, 'Stir-fried Vegetable', nan, nan, nan]"
294,90010,Second WD,Breakfast,"['Milk', nan]"
295,90010,Third WE,Breakfast,"['Boiled Rice', 'Canned Processed Meat', nan, 'Sweets', nan]"
296,90105,First WD,Breakfast,"['Boiled Rice', 'Boiled Vegetable', nan, 'Milk', 'Water']"
297,90105,Second WD,Breakfast,"['Boiled Rice', 'Fried Processed Meat', nan, 'Water', 'Raw Fruit']"
298,90105,Third WE,Breakfast,"['Boiled Rice', 'Fried Fish', nan, 'Water']"
299,91001,First WD,Breakfast,"['Boiled Rice', 'Fried Egg', nan, 'Fried Processed Meat', nan]"
300,91001,Second WD,Breakfast,"['Boiled Rice', 'Fried Egg', nan, 'Fried Processed Meat', nan]"
301,91001,Third WE,Breakfast,"['Boiled Rice', 'Fried Egg', nan, 'Fried Processed Meat', nan]"
302,91004,First WD,Breakfast,"['Boiled Rice', 'Fried Fish', nan, 'Milk', 'Water']"
303,91004,Second WD,Breakfast,"['Boiled Rice', 'Fried Egg', nan, 'Milk', 'Water']"
304,91004,Third WE,Breakfast,"['Boiled Rice', 'Fried Fish', nan, 'Milk', 'Water']"
305,91007,First WD,Breakfast,"['Boiled Rice', 'Fried Processed Meat', nan, 'Water']"
306,91007,Second WD,Breakfast,"['Boiled Rice', 'Fried Processed Meat', nan, 'Water']"
307,91007,Third WE,Breakfast,"['Boiled Rice', 'Fried Fish', nan, 'Fried Processed Meat', nan]"
308,91102,First WD,Breakfast,"['Boiled Rice', 'Boiled Fish', nan]"
309,91102,Second WD,Breakfast,"['Boiled Rice', 'Fried Beef', nan, 'Water']"
310,91102,Third WE,Breakfast,"['Boiled Rice', 'Fried Processed Meat', nan, 'Water']"
311,91105,First WD,Breakfast,"['Boiled Rice', 'Boiled Noodles']"
312,91105,Second WD,Breakfast,"['Boiled Rice', 'Sauteed Vegetable', nan, nan]"
313,91105,Third WE,Breakfast,"['Boiled Rice', 'Fried Egg', nan, nan]"
314,91110,First WD,Breakfast,"['Boiled Rice', 'Fried Chicken', nan]"
315,91110,Second WD,Breakfast,"['Boiled Rice', 'Fried Fish', nan, 'Water']"
316,91110,Third WE,Breakfast,"['Boiled Rice', 'Fried Fish', nan]"
317,91112,First WD,Breakfast,"['Boiled Rice', 'Boiled Vegetable', nan, nan, nan]"
318,91112,Second WD,Breakfast,"['Boiled Rice', 'Fried Egg', nan]"
319,91112,Third WE,Breakfast,"['Boiled Rice', 'Dried Fish', nan]"
